angle,velocity,label
6.743485271,35.93169672,1
-0.631518471,35.39666585,1
-12.4042119,34.78932918,1
66.29619939,33.72813155,1
0.502657529,34.17061969,1
7.570064168,33.40990943,1
88.87316162,33.3903185,1
63.86535884,33.23371542,1
-75.53341119,35.61251144,1
77.13976277,35.49115018,1
50.21704931,34.85494251,1
36.3785404,33.97631601,1
-2.80639136,35.35281763,1
-78.01165346,34.13350312,1
72.76512975,35.54451896,1
-42.87614882,33.95249696,1
-13.06598889,35.64479494,1
-56.68319868,33.46576546,1
87.00669502,33.50915243,1
-9.40968512,34.32377053,1
46.95900697,33.90288226,1
85.96942173,34.96241289,1
-83.24928848,32.77539316,1
51.58441254,33.63660292,1
-36.90364236,34.38730965,1
29.30471661,35.70335806,1
-68.41490343,34.91315457,1
80.28528422,35.9186276,1
-63.95491862,35.24296482,1
3.722129543,34.55236118,1
-46.64933918,34.80014296,1
-82.38450141,33.53117337,1
-4.315125722,32.70813034,1
71.99912117,34.4829466,1
62.75142593,35.42012221,1
12.05067614,35.17291898,1
-52.39951236,33.32708601,1
-50.51981233,35.78054038,1
56.47395299,34.07682038,1
-71.74770974,33.01323053,1
58.07799891,34.93219141,1
67.39028315,32.86901646,1
-73.2160948,34.30475497,1
-49.62475131,33.6669601,1
75.51449963,34.02777319,1
-23.41503695,35.56961092,1
-60.60982992,34.44184513,1
-62.5017174,35.81362219,1
-32.62228189,34.43685302,1
45.31411168,35.13989311,1
39.26734464,34.6127745,1
-6.010718351,35.4685574,1
53.20959368,34.10687717,1
-65.18252917,35.05873492,1
-76.00444023,35.00425484,1
-86.8412968,35.97795243,1
68.6403572,35.20402136,1
34.29395805,35.84629334,1
78.90084454,33.05510996,1
-47.57466162,35.09355661,1
82.87563299,35.72747047,1
-44.52273619,33.84085725,1
-40.15484675,34.68858213,1
3.418834198,33.81754067,1
-16.8940908,35.33637537,1
-16.8940908,35.14838339,1
-16.8940908,35.71336466,1
-16.8940908,34.55861519,1
-16.8940908,34.7453432,1
-16.8940908,35.88445066,1
-16.8940908,35.52307549,1
-16.8940908,34.87135758,1
13.59421786,35.25847617,1
13.59421786,35.54202344,1
13.59421786,34.89104472,1
13.59421786,35.81010866,1
13.59421786,35.12079649,1
13.59421786,34.76143829,1
13.59421786,35.70371257,1
81.58990706,34.70337302,1
81.58990706,34.95219544,1
81.58990706,34.30862332,1
81.58990706,33.8073262,1
81.58990706,33.07014211,1
81.58990706,32.97547418,1
81.58990706,35.66370681,1
81.58990706,32.7548081,1
81.58990706,35.13440221,1
81.58990706,35.53257002,1
81.58990706,35.85548473,1
81.58990706,33.65567435,1
81.58990706,33.54813643,1
81.58990706,34.05779124,1
81.58990706,35.38612243,1
81.58990706,34.42916133,1
81.58990706,33.33134581,1
32.49147777,35.38657631,1
32.49147777,34.8851515,1
32.49147777,35.18758776,1
32.49147777,35.95097492,1
32.49147777,34.68174228,1
32.49147777,34.5764747,1
32.49147777,35.49918952,1
32.49147777,35.73632927,1
6.743485271,33.08639119,1
6.743485271,33.66701075,1
6.743485271,34.02292628,1
6.743485271,35.86849083,1
6.743485271,35.79482244,1
6.743485271,33.20802719,1
6.743485271,34.39070198,1
6.743485271,35.18495677,1
6.743485271,35.35002812,1
6.743485271,34.44820636,1
6.743485271,34.98058117,1
6.743485271,33.42571581,1
6.743485271,33.93337557,1
6.743485271,34.78231259,1
6.743485271,35.56470148,1
-0.631518471,33.62257673,1
-0.631518471,35.14492712,1
-0.631518471,34.30068075,1
-0.631518471,34.97704162,1
-0.631518471,34.16269521,1
-0.631518471,34.57405302,1
-0.631518471,33.35061296,1
-0.631518471,33.10553232,1
-0.631518471,35.31190157,1
-0.631518471,35.5537329,1
-0.631518471,34.79417587,1
-0.631518471,33.87476693,1
-0.631518471,32.56415372,1
-0.631518471,32.94265269,1
-0.631518471,33.4456478,1
-0.631518471,32.76870643,1
-0.631518471,35.66040114,1
-0.631518471,35.81784048,1
-12.4042119,34.10449718,1
-12.4042119,35.68561506,1
-12.4042119,35.09253889,1
-12.4042119,35.54304165,1
-12.4042119,35.98968805,1
-12.4042119,34.94678673,1
-12.4042119,34.56979448,1
-12.4042119,34.78770467,1
-12.4042119,35.24076762,1
-12.4042119,33.93805753,1
-12.4042119,34.25653424,1
66.29619939,34.50836296,1
66.29619939,32.75173001,1
66.29619939,35.33213309,1
66.29619939,34.97754823,1
66.29619939,34.37194164,1
66.29619939,33.89232454,1
66.29619939,33.37134249,1
66.29619939,35.9359729,1
66.29619939,35.19387911,1
66.29619939,33.66219442,1
66.29619939,33.15542153,1
66.29619939,32.87126899,1
66.29619939,34.75661073,1
66.29619939,33.47696714,1
66.29619939,34.11171439,1
66.29619939,35.41681267,1
66.29619939,35.60538399,1
0.502657529,33.91634292,1
0.502657529,32.78163762,1
0.502657529,32.88407997,1
0.502657529,34.28502334,1
0.502657529,34.43190061,1
0.502657529,35.15361128,1
0.502657529,33.66094308,1
0.502657529,35.6877955,1
0.502657529,33.13951764,1
0.502657529,35.59386144,1
0.502657529,34.10022218,1
0.502657529,32.58014777,1
0.502657529,35.34178975,1
0.502657529,34.88092273,1
0.502657529,33.22591555,1
0.502657529,33.48179662,1
0.502657529,34.70069741,1
0.502657529,35.90999984,1
7.570064168,35.65983383,1
7.570064168,33.27737778,1
7.570064168,34.72795721,1
7.570064168,33.45893413,1
7.570064168,33.66798909,1
7.570064168,34.4360219,1
7.570064168,34.18045742,1
7.570064168,34.92956001,1
7.570064168,35.35318115,1
7.570064168,34.30043391,1
7.570064168,35.40840525,1
7.570064168,33.98310307,1
7.570064168,35.83752982,1
7.570064168,35.15933527,1
88.87316162,35.10801599,1
88.87316162,35.68743727,1
88.87316162,35.42735251,1
88.87316162,34.60443148,1
88.87316162,35.91561586,1
88.87316162,34.29260416,1
88.87316162,32.78108427,1
88.87316162,33.85312792,1
88.87316162,34.40685476,1
88.87316162,33.51040592,1
88.87316162,33.39378942,1
88.87316162,34.10097209,1
88.87316162,33.75571376,1
88.87316162,35.21878948,1
88.87316162,33.1940147,1
88.87316162,32.92097318,1
88.87316162,34.96427313,1
-23.09832883,35.69088454,1
-23.09832883,35.43268205,1
-23.09832883,34.68663458,1
-23.09832883,35.24079594,1
-23.09832883,34.88096995,1
-23.09832883,35.91835263,1
-23.09832883,35.13198281,1
63.86535884,34.83704635,1
63.86535884,34.59018902,1
63.86535884,35.30722517,1
63.86535884,33.15342299,1
63.86535884,34.07576426,1
63.86535884,33.54980762,1
63.86535884,35.56209186,1
63.86535884,33.29552825,1
63.86535884,35.92583387,1
63.86535884,34.29201511,1
63.86535884,35.63828754,1
63.86535884,33.96161995,1
63.86535884,34.70341579,1
63.86535884,35.18143458,1
63.86535884,32.86833032,1
63.86535884,33.76394103,1
-75.53341119,33.81091637,1
-75.53341119,33.06506814,1
-75.53341119,33.50579353,1
-75.53341119,32.81653519,1
-75.53341119,33.27482336,1
-75.53341119,35.13450222,1
-75.53341119,35.37916227,1
-75.53341119,35.4479657,1
-75.53341119,34.66556168,1
-75.53341119,34.48246399,1
-75.53341119,34.17262297,1
-75.53341119,34.3317071,1
-75.53341119,35.87807454,1
-75.53341119,35.78620019,1
-75.53341119,34.8691262,1
-75.53341119,33.68448944,1
77.13976277,33.82643697,1
77.13976277,32.95921678,1
77.13976277,34.87617731,1
77.13976277,34.64065683,1
77.13976277,34.08966422,1
77.13976277,33.47900306,1
77.13976277,35.68470041,1
77.13976277,33.36035185,1
77.13976277,33.14511208,1
77.13976277,35.82201792,1
77.13976277,33.62439928,1
77.13976277,35.08089139,1
77.13976277,34.22752313,1
77.13976277,32.66519642,1
77.13976277,35.35300301,1
77.13976277,35.59105631,1
77.13976277,34.50653888,1
44.11200608,33.64402503,1
44.11200608,35.13032701,1
44.11200608,34.40194989,1
44.11200608,33.93980582,1
44.11200608,35.43570504,1
44.11200608,34.73363827,1
44.11200608,35.91428778,1
44.11200608,35.76233286,1
44.11200608,34.85171729,1
44.11200608,34.11187106,1
44.11200608,33.55706622,1
44.11200608,35.27944598,1
44.11200608,34.24554272,1
50.21704931,34.58013193,1
50.21704931,34.72581488,1
50.21704931,35.02130089,1
50.21704931,34.82089456,1
50.21704931,35.5808618,1
50.21704931,33.8491021,1
50.21704931,33.27799997,1
50.21704931,35.35465233,1
50.21704931,33.64681645,1
50.21704931,35.96467087,1
50.21704931,33.49746967,1
50.21704931,34.04424535,1
50.21704931,34.28646005,1
50.21704931,35.68702754,1
-55.24795145,33.08052105,1
-55.24795145,34.26668969,1
-55.24795145,34.00741857,1
-55.24795145,35.88322907,1
-55.24795145,35.08645062,1
-55.24795145,33.8853742,1
-55.24795145,34.68388569,1
-55.24795145,33.24142556,1
-55.24795145,35.75613867,1
-55.24795145,34.83277211,1
-55.24795145,34.40164397,1
-55.24795145,33.68694333,1
-55.24795145,33.44927288,1
-55.24795145,35.5540334,1
-55.24795145,35.35213802,1
28.18826332,35.33393422,1
28.18826332,35.71067892,1
28.18826332,35.88189624,1
28.18826332,35.1855012,1
28.18826332,34.96662622,1
28.18826332,35.45013499,1
55.43351267,34.58825801,1
55.43351267,33.27919525,1
55.43351267,35.46486819,1
55.43351267,33.11422967,1
55.43351267,34.8732749,1
55.43351267,34.28746486,1
55.43351267,33.80991287,1
55.43351267,34.07449441,1
55.43351267,34.76836012,1
55.43351267,35.69381854,1
55.43351267,33.62392036,1
55.43351267,35.84388812,1
55.43351267,33.49344126,1
55.43351267,35.18338946,1
55.43351267,35.34362255,1
36.3785404,35.7215804,1
36.3785404,34.68209823,1
36.3785404,34.86281055,1
36.3785404,35.3948148,1
36.3785404,35.56191722,1
36.3785404,35.96756964,1
36.3785404,34.29470761,1
36.3785404,34.11129372,1
36.3785404,34.55879998,1
36.3785404,35.11751398,1
-21.5914166,35.68112089,1
-21.5914166,34.74844659,1
-21.5914166,35.54675843,1
-21.5914166,35.32136336,1
-21.5914166,34.99843712,1
-21.5914166,35.10389486,1
-21.5914166,35.8110442,1
23.05603976,35.93767356,1
23.05603976,35.70234602,1
23.05603976,35.5053844,1
-2.80639136,32.92569561,1
-2.80639136,33.32364402,1
-2.80639136,32.53120369,1
-2.80639136,35.20992016,1
-2.80639136,35.52187945,1
-2.80639136,33.47357281,1
-2.80639136,35.01037173,1
-2.80639136,35.84819446,1
-2.80639136,34.85702242,1
-2.80639136,34.18303891,1
-2.80639136,34.56085096,1
-2.80639136,33.19337895,1
-2.80639136,34.26081912,1
-2.80639136,34.68008591,1
-2.80639136,35.61526627,1
-2.80639136,33.68607686,1
-2.80639136,32.63525063,1
-2.80639136,33.83410181,1
-78.01165346,32.66952105,1
-78.01165346,32.96946358,1
-78.01165346,34.79718665,1
-78.01165346,35.76705121,1
-78.01165346,35.55051943,1
-78.01165346,34.89625309,1
-78.01165346,35.93917214,1
-78.01165346,34.27306994,1
-78.01165346,35.12473506,1
-78.01165346,33.07185474,1
-78.01165346,34.50207799,1
-78.01165346,34.17173138,1
-78.01165346,35.28818153,1
-78.01165346,33.26368563,1
-78.01165346,33.92379314,1
-78.01165346,33.41680168,1
-78.01165346,33.74770088,1
72.76512975,32.70991328,1
72.76512975,35.57220985,1
72.76512975,35.76304521,1
72.76512975,35.16298491,1
72.76512975,33.19171173,1
72.76512975,33.63425964,1
72.76512975,34.01723919,1
72.76512975,34.58095478,1
72.76512975,34.20020306,1
72.76512975,34.92144539,1
72.76512975,35.96016432,1
72.76512975,33.43123808,1
72.76512975,32.89773029,1
72.76512975,35.30951439,1
72.76512975,33.93321038,1
72.76512975,34.7488406,1
72.76512975,33.30202925,1
-42.87614882,34.59557055,1
-42.87614882,35.81749547,1
-42.87614882,34.79210749,1
-42.87614882,33.56296188,1
-42.87614882,34.11329536,1
-42.87614882,35.29521208,1
-42.87614882,33.94812241,1
-42.87614882,33.65732712,1
-42.87614882,34.39928849,1
-42.87614882,34.95950478,1
-42.87614882,35.64971259,1
-42.87614882,35.05511802,1
-42.87614882,35.56015344,1
-13.06598889,35.16245645,1
-13.06598889,34.57114987,1
-13.06598889,34.03805866,1
-13.06598889,35.54203294,1
-13.06598889,35.75413968,1
-13.06598889,35.87340705,1
-13.06598889,34.29243153,1
-13.06598889,34.95251376,1
-13.06598889,35.26451331,1
-13.06598889,34.69344847,1
20.58999293,35.9374487,1
20.58999293,35.77760658,1
-56.68319868,35.92784806,1
-56.68319868,34.4827664,1
-56.68319868,33.43863679,1
-56.68319868,35.31677202,1
-56.68319868,34.2308694,1
-56.68319868,34.86690868,1
-56.68319868,34.09867941,1
-56.68319868,34.60770124,1
-56.68319868,35.58691367,1
-56.68319868,33.02615416,1
-56.68319868,33.79231339,1
-56.68319868,33.97314672,1
-56.68319868,35.66728788,1
-56.68319868,35.02277895,1
-56.68319868,33.2811967,1
87.00669502,32.68973699,1
87.00669502,33.88918957,1
87.00669502,35.86915996,1
87.00669502,34.8571895,1
87.00669502,33.68406613,1
87.00669502,35.34676488,1
87.00669502,35.01560078,1
87.00669502,32.83351745,1
87.00669502,35.49129613,1
87.00669502,33.21513954,1
87.00669502,33.58170161,1
87.00669502,34.52152583,1
87.00669502,35.69750588,1
87.00669502,34.36597483,1
87.00669502,34.12879652,1
87.00669502,33.10267164,1
87.00669502,34.66013814,1
-16.16355031,34.71088141,1
-16.16355031,35.12894197,1
-16.16355031,35.27651645,1
-16.16355031,34.95347097,1
-16.16355031,34.50908738,1
-16.16355031,35.77464985,1
-16.16355031,35.49213069,1
-16.16355031,35.98673023,1
-9.40968512,34.91029021,1
-9.40968512,35.92230515,1
-9.40968512,33.60314128,1
-9.40968512,35.5354557,1
-9.40968512,35.01242898,1
-9.40968512,33.43950593,1
-9.40968512,33.88573867,1
-9.40968512,35.76745896,1
-9.40968512,34.2470328,1
-9.40968512,35.30524296,1
-9.40968512,34.45420081,1
-9.40968512,34.14025001,1
-9.40968512,34.67747319,1
46.95900697,35.94189717,1
46.95900697,35.3217147,1
46.95900697,34.45726489,1
46.95900697,33.44340204,1
46.95900697,33.3520623,1
46.95900697,35.120136,1
46.95900697,34.27894502,1
46.95900697,33.9478073,1
46.95900697,34.18772775,1
46.95900697,33.75649345,1
46.95900697,35.50508497,1
46.95900697,34.67773315,1
46.95900697,34.88762377,1
46.95900697,35.71981256,1
31.14047539,34.65470886,1
31.14047539,34.51473111,1
31.14047539,35.97248486,1
31.14047539,35.24313935,1
31.14047539,35.7989221,1
31.14047539,35.45302627,1
31.14047539,35.07597397,1
31.14047539,34.95424196,1
85.96942173,35.60771228,1
85.96942173,33.6504693,1
85.96942173,35.06335776,1
85.96942173,33.45724693,1
85.96942173,35.42922192,1
85.96942173,33.9183369,1
85.96942173,32.65870312,1
85.96942173,34.8505872,1
85.96942173,35.25761474,1
85.96942173,34.6335691,1
85.96942173,34.07065153,1
85.96942173,33.20552989,1
85.96942173,34.2272373,1
85.96942173,32.94687685,1
85.96942173,35.85203746,1
85.96942173,33.13311529,1
85.96942173,34.46748063,1
-83.24928848,35.2576433,1
-83.24928848,34.77303057,1
-83.24928848,35.90847586,1
-83.24928848,33.33946682,1
-83.24928848,33.10373277,1
-83.24928848,32.73819474,1
-83.24928848,33.58722419,1
-83.24928848,34.59530766,1
-83.24928848,34.12087867,1
-83.24928848,34.91850621,1
-83.24928848,34.39339473,1
-83.24928848,35.48316384,1
-83.24928848,35.7277281,1
-83.24928848,33.95709728,1
-83.24928848,35.13019796,1
-83.24928848,33.71570206,1
-83.24928848,32.84096038,1
51.58441254,35.95682824,1
51.58441254,35.27498193,1
51.58441254,34.66786879,1
51.58441254,35.67816139,1
51.58441254,35.56826686,1
51.58441254,33.45526955,1
51.58441254,34.32678801,1
51.58441254,34.49972982,1
51.58441254,33.80640525,1
51.58441254,35.17153861,1
51.58441254,34.16950811,1
51.58441254,33.3136211,1
51.58441254,33.66648199,1
51.58441254,34.82827977,1
60.43606475,33.95177199,1
60.43606475,34.63057399,1
60.43606475,34.07863716,1
60.43606475,33.1550613,1
60.43606475,34.21162212,1
60.43606475,32.93583252,1
60.43606475,35.93598274,1
60.43606475,35.49416325,1
60.43606475,33.47186494,1
60.43606475,35.19031005,1
60.43606475,35.34962157,1
60.43606475,33.34995589,1
60.43606475,34.83010463,1
60.43606475,34.44966563,1
60.43606475,35.60509701,1
60.43606475,33.67125522,1
23.96531894,35.88386079,1
23.96531894,35.73514119,1
23.96531894,35.33216695,1
23.96531894,35.49616987,1
-31.52603938,34.54217332,1
-31.52603938,35.26152133,1
-31.52603938,35.87537836,1
-31.52603938,35.08955955,1
-31.52603938,35.68649807,1
-31.52603938,34.64709269,1
-31.52603938,35.58800335,1
-31.52603938,34.82239443,1
-36.90364236,35.3243614,1
-36.90364236,35.14098086,1
-36.90364236,34.64232728,1
-36.90364236,34.24253602,1
-36.90364236,33.86170135,1
-36.90364236,35.45427851,1
-36.90364236,34.46963545,1
-36.90364236,34.03114271,1
-36.90364236,35.84989074,1
-36.90364236,34.89233812,1
-36.90364236,35.63097664,1
16.72376096,35.31548615,1
16.72376096,35.77726765,1
16.72376096,35.87502645,1
16.72376096,35.54091153,1
-89.36922287,32.69990859,1
-89.36922287,33.63530626,1
-89.36922287,34.8526414,1
-89.36922287,33.16829552,1
-89.36922287,35.69216155,1
-89.36922287,34.2977924,1
-89.36922287,33.88098843,1
-89.36922287,33.26862021,1
-89.36922287,35.96230487,1
-89.36922287,35.10677916,1
-89.36922287,34.57533208,1
-89.36922287,34.73957048,1
-89.36922287,35.57198869,1
-89.36922287,33.52834161,1
-89.36922287,35.21091975,1
-89.36922287,34.11304739,1
-89.36922287,32.89265011,1
-7.628615782,34.31531991,1
-7.628615782,34.87849873,1
-7.628615782,35.8497452,1
-7.628615782,33.47227482,1
-7.628615782,35.06943388,1
-7.628615782,34.63716829,1
-7.628615782,34.08285773,1
-7.628615782,35.23659715,1
-7.628615782,33.1397364,1
-7.628615782,35.70814632,1
-7.628615782,33.88022864,1
-7.628615782,35.47198674,1
-7.628615782,33.2576737,1
-7.628615782,33.74890928,1
-7.628615782,34.54634066,1
-18.81736314,35.34845492,1
-18.81736314,34.94655435,1
-18.81736314,35.75290918,1
-18.81736314,34.68085369,1
-18.81736314,35.84244882,1
-18.81736314,35.18951203,1
-18.81736314,35.57032455,1
-67.05230865,34.07562686,1
-67.05230865,35.70740583,1
-67.05230865,34.3309288,1
-67.05230865,33.38852293,1
-67.05230865,34.49314924,1
-67.05230865,33.121576,1
-67.05230865,35.15046858,1
-67.05230865,32.78892105,1
-67.05230865,32.94746211,1
-67.05230865,34.84812064,1
-67.05230865,35.40029839,1
-67.05230865,33.78405249,1
-67.05230865,34.64421318,1
-67.05230865,35.27227638,1
-67.05230865,33.86785316,1
-67.05230865,33.53773645,1
-67.05230865,35.88488269,1
-26.86437628,35.14670272,1
-26.86437628,35.47836859,1
-26.86437628,35.71837216,1
-26.86437628,35.24767451,1
-26.86437628,35.9072814,1
-26.86437628,34.95029117,1
-26.86437628,34.72884264,1
29.30471661,34.84005215,1
29.30471661,35.24411977,1
29.30471661,35.08284025,1
29.30471661,35.54684476,1
29.30471661,34.7331641,1
29.30471661,35.78245053,1
29.30471661,35.97980543,1
-68.41490343,34.05223795,1
-68.41490343,32.81074396,1
-68.41490343,35.69678499,1
-68.41490343,33.71478111,1
-68.41490343,35.83252558,1
-68.41490343,33.11981412,1
-68.41490343,33.83754662,1
-68.41490343,34.26885263,1
-68.41490343,35.50882577,1
-68.41490343,35.26228657,1
-68.41490343,34.41173435,1
-68.41490343,35.05155973,1
-68.41490343,33.50312235,1
-68.41490343,34.84407235,1
-68.41490343,33.20868135,1
-68.41490343,34.70370456,1
80.28528422,34.28743335,1
80.28528422,35.49027953,1
80.28528422,33.41785534,1
80.28528422,34.11529328,1
80.28528422,34.49352112,1
80.28528422,34.64594371,1
80.28528422,35.39301677,1
80.28528422,32.84502912,1
80.28528422,35.14147602,1
80.28528422,35.82239725,1
80.28528422,33.79451052,1
80.28528422,33.25700607,1
80.28528422,32.6706566,1
80.28528422,33.06924868,1
80.28528422,33.96378673,1
80.28528422,34.83094069,1
80.28528422,35.75823075,1
-63.95491862,34.68558678,1
-63.95491862,34.26804196,1
-63.95491862,32.89592287,1
-63.95491862,34.90786257,1
-63.95491862,35.6876869,1
-63.95491862,35.24273739,1
-63.95491862,33.69029631,1
-63.95491862,35.93850516,1
-63.95491862,35.072897,1
-63.95491862,33.14172378,1
-63.95491862,33.92460521,1
-63.95491862,35.41300282,1
-63.95491862,34.17042386,1
-63.95491862,33.37086097,1
-63.95491862,34.41431472,1
-63.95491862,33.59844454,1
-80.48781016,34.72217579,1
-80.48781016,35.1309962,1
-80.48781016,34.98126027,1
-80.48781016,34.23375508,1
-80.48781016,32.89490276,1
-80.48781016,35.88009046,1
-80.48781016,35.26769254,1
-80.48781016,33.9324899,1
-80.48781016,33.12256518,1
-80.48781016,32.72921249,1
-80.48781016,33.22208909,1
-80.48781016,34.49709884,1
-80.48781016,34.10241308,1
-80.48781016,35.71476857,1
-80.48781016,33.4750163,1
-80.48781016,35.45647067,1
-80.48781016,33.78010411,1
3.722129543,32.64348189,1
3.722129543,33.94909183,1
3.722129543,34.32586107,1
3.722129543,35.53795531,1
3.722129543,34.4281735,1
3.722129543,35.08010681,1
3.722129543,34.73091469,1
3.722129543,32.95812607,1
3.722129543,33.11311819,1
3.722129543,35.21837756,1
3.722129543,33.24836601,1
3.722129543,35.85230054,1
3.722129543,33.4985823,1
3.722129543,34.879743,1
3.722129543,33.66686336,1
3.722129543,35.74812717,1
3.722129543,34.16559954,1
-46.64933918,35.53294996,1
-46.64933918,35.77859986,1
-46.64933918,33.62438558,1
-46.64933918,35.11332867,1
-46.64933918,34.91280492,1
-46.64933918,35.34714615,1
-46.64933918,34.14847494,1
-46.64933918,35.92368129,1
-46.64933918,33.4570211,1
-46.64933918,34.44570973,1
-46.64933918,34.2368526,1
-46.64933918,34.70000335,1
-46.64933918,33.96979412,1
-82.38450141,35.26877436,1
-82.38450141,33.51153193,1
-82.38450141,34.28421853,1
-82.38450141,33.95573006,1
-82.38450141,34.7524177,1
-82.38450141,35.05028735,1
-82.38450141,34.08472632,1
-82.38450141,33.67089188,1
-82.38450141,35.9766775,1
-82.38450141,35.40157218,1
-82.38450141,32.9212056,1
-82.38450141,33.12945121,1
-82.38450141,34.48142823,1
-82.38450141,34.94361935,1
-82.38450141,33.23853082,1
-82.38450141,32.77905597,1
-82.38450141,35.68733418,1
25.83397166,35.17936916,1
25.83397166,35.35437678,1
25.83397166,35.54468556,1
25.83397166,35.68896846,1
25.83397166,35.94199142,1
-4.315125722,34.9168567,1
-4.315125722,35.35782362,1
-4.315125722,32.70158598,1
-4.315125722,34.49865843,1
-4.315125722,33.71999516,1
-4.315125722,33.56510042,1
-4.315125722,34.30617726,1
-4.315125722,35.74578047,1
-4.315125722,34.07815194,1
-4.315125722,32.86811279,1
-4.315125722,33.00022683,1
-4.315125722,35.08660433,1
-4.315125722,34.67426497,1
-4.315125722,33.21351482,1
-4.315125722,35.90931224,1
-4.315125722,35.5377869,1
-4.315125722,33.86025595,1
71.99912117,35.78313246,1
71.99912117,35.56531481,1
71.99912117,33.46682125,1
71.99912117,35.27275329,1
71.99912117,34.31847067,1
71.99912117,32.75423625,1
71.99912117,33.09487878,1
71.99912117,35.10850804,1
71.99912117,34.04475819,1
71.99912117,33.79558314,1
71.99912117,33.91467078,1
71.99912117,34.74009886,1
71.99912117,34.92449549,1
71.99912117,35.89487077,1
71.99912117,32.93110952,1
71.99912117,34.50694791,1
71.99912117,33.26727874,1
62.75142593,35.98234797,1
62.75142593,34.68956481,1
62.75142593,33.84510302,1
62.75142593,32.8472055,1
62.75142593,35.61251193,1
62.75142593,33.67026546,1
62.75142593,34.43467206,1
62.75142593,33.30470181,1
62.75142593,33.59442849,1
62.75142593,34.30360379,1
62.75142593,35.29772999,1
62.75142593,35.05805069,1
62.75142593,33.11278848,1
62.75142593,35.40762511,1
62.75142593,34.86762626,1
62.75142593,34.19605542,1
15.89089616,35.1104167,1
15.89089616,35.3412768,1
15.89089616,35.63018652,1
15.89089616,35.9253348,1
15.89089616,35.47385426,1
12.05067614,35.69776533,1
12.05067614,34.3374027,1
12.05067614,35.25787238,1
12.05067614,34.44982507,1
12.05067614,34.85511145,1
12.05067614,35.5148898,1
12.05067614,35.93911918,1
12.05067614,35.0880337,1
12.05067614,34.72959972,1
-52.39951236,35.7569059,1
-52.39951236,34.00102765,1
-52.39951236,35.53873766,1
-52.39951236,34.61279033,1
-52.39951236,35.21913784,1
-52.39951236,34.2944605,1
-52.39951236,33.81933183,1
-52.39951236,33.26325374,1
-52.39951236,35.11399793,1
-52.39951236,33.50422369,1
-52.39951236,33.15859004,1
-52.39951236,34.44825989,1
-52.39951236,35.85751189,1
-52.39951236,34.990609,1
-52.39951236,33.61572772,1
-50.51981233,33.14953157,1
-50.51981233,35.49668932,1
-50.51981233,35.81834901,1
-50.51981233,33.26878061,1
-50.51981233,33.67140045,1
-50.51981233,33.86489847,1
-50.51981233,34.49497959,1
-50.51981233,34.90849202,1
-50.51981233,33.50443455,1
-50.51981233,34.02785461,1
-50.51981233,34.63233806,1
-50.51981233,35.1388365,1
-50.51981233,35.30632598,1
-50.51981233,34.23529337,1
-50.51981233,35.61547199,1
56.47395299,34.97708832,1
56.47395299,35.65609165,1
56.47395299,34.5595035,1
56.47395299,33.77287389,1
56.47395299,33.10156827,1
56.47395299,34.25700171,1
56.47395299,35.04239173,1
56.47395299,34.67712548,1
56.47395299,35.46107559,1
56.47395299,33.58241094,1
56.47395299,35.36757035,1
56.47395299,33.97918624,1
56.47395299,34.16276025,1
56.47395299,33.30049918,1
56.47395299,32.94649435,1
56.47395299,35.90078427,1
-71.74770974,34.6698397,1
-71.74770974,35.47522967,1
-71.74770974,34.57876131,1
-71.74770974,33.73621626,1
-71.74770974,35.81669179,1
-71.74770974,35.35129279,1
-71.74770974,33.92372962,1
-71.74770974,34.92794415,1
-71.74770974,33.0708465,1
-71.74770974,32.91231169,1
-71.74770974,33.22391377,1
-71.74770974,34.19249446,1
-71.74770974,35.73526217,1
-71.74770974,34.26835239,1
-71.74770974,33.40892552,1
-71.74770974,35.01904135,1
58.07799891,34.01356094,1
58.07799891,34.30130528,1
58.07799891,34.60532456,1
58.07799891,35.12151379,1
58.07799891,34.95319148,1
58.07799891,34.49265701,1
58.07799891,33.80802729,1
58.07799891,33.62029286,1
58.07799891,35.83417919,1
58.07799891,35.29748737,1
58.07799891,33.16464307,1
58.07799891,35.43638299,1
58.07799891,35.73815728,1
58.07799891,33.46953583,1
58.07799891,32.97378881,1
58.07799891,33.3017708,1
67.39028315,34.85218471,1
67.39028315,33.36401621,1
67.39028315,35.91125313,1
67.39028315,32.78040019,1
67.39028315,34.68888162,1
67.39028315,34.35892429,1
67.39028315,35.20414573,1
67.39028315,35.65493532,1
67.39028315,33.74159139,1
67.39028315,35.08487731,1
67.39028315,33.96215737,1
67.39028315,33.1540063,1
67.39028315,34.04986862,1
67.39028315,35.55330689,1
67.39028315,32.89435515,1
67.39028315,33.54632078,1
67.39028315,34.57386201,1
-28.2105668,35.4497035,1
-28.2105668,34.54875107,1
-28.2105668,35.61039295,1
-28.2105668,34.84050773,1
-28.2105668,35.13047914,1
-28.2105668,35.20621757,1
-28.2105668,35.84235633,1
-28.2105668,34.72154641,1
-73.2160948,35.49761523,1
-73.2160948,33.94918629,1
-73.2160948,34.17479809,1
-73.2160948,35.26260962,1
-73.2160948,34.55887145,1
-73.2160948,33.50052001,1
-73.2160948,34.86040113,1
-73.2160948,35.0088231,1
-73.2160948,35.94192116,1
-73.2160948,33.06499311,1
-73.2160948,34.66912523,1
-73.2160948,35.63802376,1
-73.2160948,33.27021818,1
-73.2160948,33.67352971,1
-73.2160948,32.92631859,1
-73.2160948,34.32368675,1
-49.62475131,33.60113326,1
-49.62475131,35.99944079,1
-49.62475131,33.32179469,1
-49.62475131,34.89340213,1
-49.62475131,35.48515109,1
-49.62475131,35.15046503,1
-49.62475131,34.36091141,1
-49.62475131,33.83171684,1
-49.62475131,34.69260726,1
-49.62475131,34.0399343,1
-49.62475131,33.48945143,1
-49.62475131,35.65283059,1
-49.62475131,35.29187672,1
-49.62475131,34.53969224,1
75.51449963,35.20911799,1
75.51449963,34.46658231,1
75.51449963,33.28837422,1
75.51449963,33.47089879,1
75.51449963,32.76706569,1
75.51449963,35.47579633,1
75.51449963,35.86715299,1
75.51449963,35.69484394,1
75.51449963,34.72436788,1
75.51449963,33.89872001,1
75.51449963,33.67670303,1
75.51449963,34.26236291,1
75.51449963,35.08560226,1
75.51449963,32.89605548,1
75.51449963,33.11606474,1
75.51449963,34.81619901,1
75.51449963,34.18342011,1
-23.41503695,35.90423628,1
-23.41503695,35.29038596,1
-23.41503695,34.65786782,1
-23.41503695,34.9917656,1
-23.41503695,35.6118392,1
-23.41503695,35.50748271,1
-23.41503695,35.19303319,1
-60.60982992,35.47159634,1
-60.60982992,33.92412469,1
-60.60982992,34.29399924,1
-60.60982992,34.03281579,1
-60.60982992,35.66042696,1
-60.60982992,35.30157984,1
-60.60982992,33.76755587,1
-60.60982992,34.97262557,1
-60.60982992,33.33522753,1
-60.60982992,35.91839802,1
-60.60982992,32.92717296,1
-60.60982992,35.19502593,1
-60.60982992,33.44080316,1
-60.60982992,34.46242792,1
-60.60982992,34.71008045,1
-60.60982992,33.11020873,1
41.12631391,35.03734569,1
41.12631391,34.58259483,1
41.12631391,35.31217344,1
41.12631391,34.9030322,1
41.12631391,33.81993563,1
41.12631391,35.93162454,1
41.12631391,34.0723093,1
41.12631391,35.54069756,1
41.12631391,33.63416532,1
41.12631391,34.7597711,1
41.12631391,34.37574381,1
41.12631391,35.65740439,1
9.625544464,35.67992285,1
9.625544464,34.48636237,1
9.625544464,34.16539332,1
9.625544464,33.59872336,1
9.625544464,35.87127063,1
9.625544464,33.78668142,1
9.625544464,35.47673984,1
9.625544464,34.94249371,1
9.625544464,34.25499185,1
9.625544464,35.31318732,1
9.625544464,33.9879732,1
9.625544464,35.13129552,1
9.625544464,34.68500203,1
-62.5017174,35.23515331,1
-62.5017174,35.57404209,1
-62.5017174,33.34554112,1
-62.5017174,34.1031106,1
-62.5017174,34.68678084,1
-62.5017174,33.93878303,1
-62.5017174,34.54469978,1
-62.5017174,33.61455883,1
-62.5017174,35.67538729,1
-62.5017174,34.26758378,1
-62.5017174,33.45059576,1
-62.5017174,33.01490677,1
-62.5017174,35.94912738,1
-62.5017174,34.88262208,1
-62.5017174,35.12014201,1
-62.5017174,32.88027953,1
-32.62228189,35.39699097,1
-32.62228189,35.56606872,1
-32.62228189,34.75446416,1
-32.62228189,35.05511482,1
-32.62228189,34.94377894,1
-32.62228189,35.73001278,1
-32.62228189,34.23489293,1
-32.62228189,34.55434477,1
-32.62228189,35.83523469,1
45.31411168,35.95971681,1
45.31411168,33.52581923,1
45.31411168,35.50840215,1
45.31411168,34.90615002,1
45.31411168,34.63186629,1
45.31411168,34.22902316,1
45.31411168,35.39505183,1
45.31411168,33.63395089,1
45.31411168,34.04652623,1
45.31411168,33.9423225,1
45.31411168,35.13147028,1
45.31411168,35.79256304,1
45.31411168,34.43863843,1
39.26734464,34.64321516,1
39.26734464,34.17046348,1
39.26734464,35.98110023,1
39.26734464,34.39495403,1
39.26734464,34.81579784,1
39.26734464,35.72721467,1
39.26734464,34.55907426,1
39.26734464,33.73018775,1
39.26734464,35.07820485,1
39.26734464,35.45152532,1
39.26734464,35.22828416,1
39.26734464,33.85812033,1
-6.010718351,33.11054491,1
-6.010718351,35.64909596,1
-6.010718351,33.64738168,1
-6.010718351,34.43835341,1
-6.010718351,33.49397112,1
-6.010718351,32.82195743,1
-6.010718351,34.88309285,1
-6.010718351,35.04132069,1
-6.010718351,34.11607215,1
-6.010718351,35.89519868,1
-6.010718351,35.56581489,1
-6.010718351,33.96924355,1
-6.010718351,33.36562208,1
-6.010718351,34.60851624,1
-6.010718351,34.23756474,1
-6.010718351,35.23925176,1
-58.80077087,34.11004423,1
-58.80077087,33.08145992,1
-58.80077087,34.39282043,1
-58.80077087,35.44320431,1
-58.80077087,35.15635671,1
-58.80077087,34.48294065,1
-58.80077087,33.47396046,1
-58.80077087,35.72311864,1
-58.80077087,35.35460672,1
-58.80077087,34.99754231,1
-58.80077087,33.81250477,1
-58.80077087,33.33927912,1
-58.80077087,34.76413729,1
-58.80077087,35.91601199,1
-58.80077087,33.68977326,1
-35.9036142,34.51603157,1
-35.9036142,34.67860279,1
-35.9036142,35.56485814,1
-35.9036142,33.9115802,1
-35.9036142,34.05847488,1
-35.9036142,34.87520528,1
-35.9036142,35.7581891,1
-35.9036142,35.21317255,1
-35.9036142,35.06870738,1
-35.9036142,35.98479881,1
-35.9036142,34.30760881,1
53.20959368,33.72718998,1
53.20959368,34.53198076,1
53.20959368,35.91863446,1
53.20959368,34.65149138,1
53.20959368,34.91282872,1
53.20959368,33.9125756,1
53.20959368,33.33546171,1
53.20959368,34.12243319,1
53.20959368,33.15443992,1
53.20959368,33.58033085,1
53.20959368,35.32064356,1
53.20959368,35.69969762,1
53.20959368,35.55455865,1
53.20959368,35.00014694,1
53.20959368,34.2323925,1
-29.66938586,35.69857,1
-29.66938586,34.5152122,1
-29.66938586,35.34221331,1
-29.66938586,34.61485925,1
-29.66938586,35.43000557,1
-29.66938586,35.0717501,1
-29.66938586,34.92472761,1
-29.66938586,35.97292766,1
-65.18252917,34.55423236,1
-65.18252917,34.36072432,1
-65.18252917,33.12176321,1
-65.18252917,35.86266511,1
-65.18252917,35.51953976,1
-65.18252917,35.33973713,1
-65.18252917,33.86227567,1
-65.18252917,35.07623077,1
-65.18252917,34.99109088,1
-65.18252917,33.77995568,1
-65.18252917,35.70358414,1
-65.18252917,33.38924641,1
-65.18252917,33.51647668,1
-65.18252917,32.87723137,1
-65.18252917,34.16323909,1
-65.18252917,34.67267148,1
-38.97678016,34.81664607,1
-38.97678016,34.67760475,1
-38.97678016,35.29675198,1
-38.97678016,34.11921884,1
-38.97678016,35.02432076,1
-38.97678016,33.95175733,1
-38.97678016,35.72609918,1
-38.97678016,34.46962519,1
-38.97678016,33.73548961,1
-38.97678016,35.99609538,1
-38.97678016,34.36488337,1
-38.97678016,35.40208171,1
-76.00444023,35.80031686,1
-76.00444023,33.21838376,1
-76.00444023,32.6724977,1
-76.00444023,33.78756066,1
-76.00444023,34.81212242,1
-76.00444023,33.85275755,1
-76.00444023,34.16332952,1
-76.00444023,35.62997402,1
-76.00444023,34.52965226,1
-76.00444023,35.29245516,1
-76.00444023,33.48595531,1
-76.00444023,34.23011536,1
-76.00444023,35.01886074,1
-76.00444023,32.86499463,1
-76.00444023,35.44650445,1
-76.00444023,33.03357094,1
-76.00444023,34.60029951,1
-86.8412968,32.84242261,1
-86.8412968,35.47093211,1
-86.8412968,34.02850046,1
-86.8412968,33.582016,1
-86.8412968,35.8730523,1
-86.8412968,35.15430191,1
-86.8412968,33.72881227,1
-86.8412968,34.71753791,1
-86.8412968,35.34522562,1
-86.8412968,34.92713316,1
-86.8412968,34.46909893,1
-86.8412968,34.35224205,1
-86.8412968,33.19666504,1
-86.8412968,33.85403001,1
-86.8412968,33.28645201,1
-86.8412968,32.67591236,1
-86.8412968,35.73827066,1
68.6403572,34.84500834,1
68.6403572,34.16237333,1
68.6403572,33.67537728,1
68.6403572,32.94472596,1
68.6403572,33.27933695,1
68.6403572,33.13800698,1
68.6403572,34.60866856,1
68.6403572,34.45438809,1
68.6403572,33.84708138,1
68.6403572,35.58729468,1
68.6403572,35.37337585,1
68.6403572,33.42949536,1
68.6403572,35.92302334,1
68.6403572,35.11254027,1
68.6403572,34.31254779,1
68.6403572,35.67384603,1
34.29395805,34.31983995,1
34.29395805,34.92049946,1
34.29395805,34.67612115,1
34.29395805,34.48764932,1
34.29395805,35.26249635,1
34.29395805,35.04687651,1
34.29395805,35.88413798,1
34.29395805,35.50002723,1
34.29395805,35.74691559,1
78.90084454,33.03946973,1
78.90084454,35.34221095,1
78.90084454,35.08954644,1
78.90084454,33.80624834,1
78.90084454,34.08206343,1
78.90084454,34.63240952,1
78.90084454,34.99965759,1
78.90084454,34.42303362,1
78.90084454,32.78059113,1
78.90084454,33.2693955,1
78.90084454,32.85555245,1
78.90084454,35.75472391,1
78.90084454,35.98391783,1
78.90084454,33.69145967,1
78.90084454,33.56149905,1
78.90084454,35.42332388,1
78.90084454,34.22967397,1
-84.80290779,33.99589223,1
-84.80290779,35.90224876,1
-84.80290779,32.92070981,1
-84.80290779,34.12917314,1
-84.80290779,35.64322087,1
-84.80290779,35.36769523,1
-84.80290779,32.65884263,1
-84.80290779,33.35397294,1
-84.80290779,34.88655546,1
-84.80290779,34.75736098,1
-84.80290779,34.22547611,1
-84.80290779,33.60282837,1
-84.80290779,34.44070717,1
-84.80290779,35.03902319,1
-84.80290779,33.46668056,1
-84.80290779,33.0672613,1
-84.80290779,35.48981191,1
-47.57466162,33.46932028,1
-47.57466162,33.60354283,1
-47.57466162,35.65536261,1
-47.57466162,34.92919915,1
-47.57466162,35.98343816,1
-47.57466162,34.51692989,1
-47.57466162,35.23903045,1
-47.57466162,35.56169378,1
-47.57466162,34.63276479,1
-47.57466162,34.13305268,1
-47.57466162,34.35567648,1
-47.57466162,33.86958552,1
-47.57466162,35.01713742,1
82.87563299,34.67444801,1
82.87563299,32.9525994,1
82.87563299,34.93376502,1
82.87563299,33.56594018,1
82.87563299,35.65276387,1
82.87563299,35.97577967,1
82.87563299,33.34613213,1
82.87563299,34.05470975,1
82.87563299,35.41094332,1
82.87563299,34.36415002,1
82.87563299,35.01841423,1
82.87563299,34.57460356,1
82.87563299,35.29874999,1
82.87563299,33.16709364,1
82.87563299,33.65259469,1
82.87563299,33.85308577,1
-44.52273619,35.36006432,1
-44.52273619,34.63751722,1
-44.52273619,33.66763752,1
-44.52273619,33.50767117,1
-44.52273619,35.86707307,1
-44.52273619,35.0535067,1
-44.52273619,34.40723175,1
-44.52273619,34.26558263,1
-44.52273619,34.08966116,1
-44.52273619,33.8640775,1
-44.52273619,35.53510683,1
-44.52273619,34.81698179,1
-44.52273619,35.72383475,1
-40.15484675,33.80975457,1
-40.15484675,34.68821313,1
-40.15484675,35.2417372,1
-40.15484675,35.17838646,1
-40.15484675,35.62794666,1
-40.15484675,34.06562427,1
-40.15484675,35.99353249,1
-40.15484675,35.50414007,1
-40.15484675,33.74529077,1
-40.15484675,34.58739188,1
-40.15484675,34.36779338,1
-40.15484675,34.86134119,1
42.1324815,34.57630883,1
42.1324815,34.96177314,1
42.1324815,33.61309929,1
42.1324815,35.89171222,1
42.1324815,34.11521717,1
42.1324815,35.4575205,1
42.1324815,33.54046541,1
42.1324815,34.74372956,1
42.1324815,35.64855177,1
42.1324815,35.0414539,1
42.1324815,35.22382021,1
42.1324815,33.98508006,1
42.1324815,34.33725603,1
3.418834198,35.52409364,1
3.418834198,32.95643627,1
3.418834198,35.11798514,1
3.418834198,34.31229064,1
3.418834198,35.67013505,1
3.418834198,35.85523893,1
3.418834198,33.73876568,1
3.418834198,33.25533879,1
3.418834198,32.70337175,1
3.418834198,34.91430226,1
3.418834198,34.76616423,1
3.418834198,33.8281747,1
3.418834198,33.59635822,1
3.418834198,33.14532138,1
3.418834198,34.13960059,1
3.418834198,34.53300685,1
3.418834198,35.33890241,1
19.06786814,35.50617141,1
19.06786814,35.89154615,1
19.06786814,35.66299415,1
-16.8940908,32.18081584,0
13.59421786,33.56575693,0
81.58990706,32.59332917,0
32.49147777,32.90033497,0
-23.09832883,34.21505659,0
44.11200608,33.31367173,0
-55.24795145,32.34159138,0
28.18826332,32.60092586,0
55.43351267,32.06018063,0
-21.5914166,32.95267914,0
23.05603976,33.69060187,0
20.58999293,35.30713009,0
-16.16355031,32.98560001,0
31.14047539,32.21139022,0
60.43606475,32.53785087,0
23.96531894,34.57600718,0
-31.52603938,32.49406923,0
16.72376096,33.26233559,0
-89.36922287,32.14934174,0
-7.628615782,32.45292182,0
-18.81736314,34.24243929,0
-67.05230865,32.41572639,0
-26.86437628,32.73527776,0
-80.48781016,32.27852289,0
25.83397166,34.73416809,0
15.89089616,34.65060921,0
-28.2105668,33.11529561,0
41.12631391,32.37262826,0
9.625544464,32.01445891,0
-58.80077087,32.08194947,0
-35.9036142,33.15238365,0
-29.66938586,33.79747998,0
-38.97678016,32.67200101,0
-84.80290779,32.29776685,0
42.1324815,32.83731952,0
19.06786814,33.18475918,0
-16.8940908,34.04909135,0
-16.8940908,32.71290366,0
-16.8940908,33.91058612,0
-16.8940908,32.05367315,0
-16.8940908,33.58134318,0
-16.8940908,33.07170099,0
-16.8940908,32.97596006,0
-16.8940908,32.57192023,0
-16.8940908,34.39509677,0
-16.8940908,32.30281716,0
-16.8940908,33.33835044,0
-16.8940908,33.69350479,0
13.59421786,33.55464653,0
13.59421786,32.33693464,0
13.59421786,33.04933422,0
13.59421786,32.79932904,0
13.59421786,32.52163303,0
13.59421786,33.29378813,0
13.59421786,32.0742639,0
13.59421786,32.98361781,0
13.59421786,33.96779888,0
13.59421786,34.45622443,0
13.59421786,34.09427804,0
13.59421786,34.383135,0
13.59421786,33.79423321,0
81.58990706,32.54029505,0
81.58990706,32.2399709,0
81.58990706,32.1435026,0
32.49147777,32.03016885,0
32.49147777,34.03985756,0
32.49147777,34.23092177,0
32.49147777,33.3183725,0
32.49147777,33.46155367,0
32.49147777,33.88959183,0
32.49147777,33.75575508,0
32.49147777,32.44948249,0
32.49147777,32.92444268,0
32.49147777,32.67600315,0
32.49147777,32.27717731,0
32.49147777,33.16839888,0
6.743485271,32.98522234,0
6.743485271,32.69475471,0
6.743485271,32.22369017,0
6.743485271,32.00340428,0
6.743485271,32.57552807,0
-0.631518471,32.34443678,0
-0.631518471,32.02416623,0
-12.4042119,32.30489602,0
-12.4042119,32.19475792,0
-12.4042119,32.9487967,0
-12.4042119,33.76818527,0
-12.4042119,33.45158454,0
-12.4042119,33.33303954,0
-12.4042119,33.19643402,0
-12.4042119,32.73255241,0
-12.4042119,32.5242375,0
66.29619939,32.28993078,0
66.29619939,32.43354727,0
66.29619939,32.06235115,0
0.502657529,32.30507728,0
0.502657529,32.04407501,0
7.570064168,32.42344006,0
7.570064168,32.18368658,0
7.570064168,32.66746931,0
7.570064168,32.93025726,0
7.570064168,32.36406417,0
7.570064168,33.01175921,0
88.87316162,32.11870649,0
88.87316162,32.25111318,0
88.87316162,32.55483295,0
-23.09832883,32.22488408,0
-23.09832883,32.14803008,0
-23.09832883,33.55851298,0
-23.09832883,34.05583162,0
-23.09832883,32.47751502,0
-23.09832883,33.80010757,0
-23.09832883,34.43842827,0
-23.09832883,33.13751399,0
-23.09832883,34.28542779,0
-23.09832883,33.64830094,0
-23.09832883,32.84036856,0
-23.09832883,32.73186584,0
-23.09832883,33.31630716,0
63.86535884,32.35206771,0
63.86535884,32.45415955,0
63.86535884,32.09829125,0
63.86535884,32.77945823,0
-75.53341119,32.42620968,0
-75.53341119,32.60282202,0
-75.53341119,32.19270852,0
-75.53341119,32.28217767,0
77.13976277,32.05405401,0
77.13976277,32.54682854,0
77.13976277,32.33142741,0
44.11200608,32.05492917,0
44.11200608,32.68780022,0
44.11200608,33.3501373,0
44.11200608,33.15829798,0
44.11200608,32.97138086,0
44.11200608,32.34890085,0
44.11200608,32.48357049,0
50.21704931,32.25178165,0
50.21704931,32.42951859,0
50.21704931,32.96163419,0
50.21704931,32.07744214,0
50.21704931,32.77186557,0
50.21704931,33.10845174,0
-55.24795145,32.29774524,0
-55.24795145,32.53435895,0
-55.24795145,32.84575493,0
-55.24795145,32.14851603,0
-55.24795145,32.70956435,0
28.18826332,34.67448234,0
28.18826332,32.32562694,0
28.18826332,34.19955526,0
28.18826332,34.31242413,0
28.18826332,34.49874415,0
28.18826332,32.03679195,0
28.18826332,32.48584261,0
28.18826332,33.38438079,0
28.18826332,33.91081447,0
28.18826332,33.19813135,0
28.18826332,32.68182101,0
28.18826332,32.87439308,0
28.18826332,33.53528676,0
28.18826332,33.78540088,0
55.43351267,32.47842605,0
55.43351267,32.12278214,0
55.43351267,32.25000446,0
55.43351267,32.621536,0
55.43351267,32.9285157,0
36.3785404,33.67003467,0
36.3785404,32.16897493,0
36.3785404,32.27333875,0
36.3785404,33.84810375,0
36.3785404,32.63876764,0
36.3785404,32.8096392,0
36.3785404,33.23595072,0
36.3785404,33.1287135,0
36.3785404,32.53901962,0
36.3785404,33.4520484,0
-21.5914166,32.54101579,0
-21.5914166,33.53806595,0
-21.5914166,32.68062587,0
-21.5914166,32.96452528,0
-21.5914166,34.12996538,0
-21.5914166,34.30231886,0
-21.5914166,32.28779158,0
-21.5914166,33.06950994,0
-21.5914166,34.45737953,0
-21.5914166,32.15369468,0
-21.5914166,33.95871377,0
-21.5914166,33.7312331,0
-21.5914166,33.25923958,0
23.05603976,32.69980417,0
23.05603976,34.25881406,0
23.05603976,33.62334783,0
23.05603976,35.00117295,0
23.05603976,32.00219611,0
23.05603976,34.89510954,0
23.05603976,33.04957864,0
23.05603976,32.59217946,0
23.05603976,34.0111887,0
23.05603976,32.88774465,0
23.05603976,33.22824163,0
23.05603976,33.81141626,0
23.05603976,35.21366469,0
23.05603976,32.2132506,0
23.05603976,34.70497802,0
23.05603976,34.45192374,0
23.05603976,33.48761065,0
-2.80639136,32.08105703,0
-2.80639136,32.21616514,0
-78.01165346,32.3761788,0
-78.01165346,32.52207305,0
-78.01165346,32.19877974,0
72.76512975,32.04845407,0
72.76512975,32.53412631,0
72.76512975,32.38397284,0
-42.87614882,32.03335072,0
-42.87614882,32.66922348,0
-42.87614882,32.27701017,0
-42.87614882,33.30026346,0
-42.87614882,33.17637661,0
-42.87614882,32.99291571,0
-42.87614882,32.45925314,0
-13.06598889,33.03021267,0
-13.06598889,33.43358174,0
-13.06598889,32.91289086,0
-13.06598889,33.76668633,0
-13.06598889,33.89786603,0
-13.06598889,33.22505089,0
-13.06598889,32.76320246,0
-13.06598889,32.14530388,0
-13.06598889,32.51902979,0
-13.06598889,32.24939142,0
20.58999293,35.07821475,0
20.58999293,34.24318501,0
20.58999293,34.15680291,0
20.58999293,33.07654562,0
20.58999293,32.34498265,0
20.58999293,35.28317228,0
20.58999293,34.52675809,0
20.58999293,34.82300687,0
20.58999293,33.34563042,0
20.58999293,32.49727515,0
20.58999293,33.9833715,0
20.58999293,32.67245266,0
20.58999293,33.51378543,0
20.58999293,33.62565786,0
20.58999293,35.4125901,0
20.58999293,32.82625694,0
20.58999293,32.08559918,0
20.58999293,34.60831647,0
-56.68319868,32.56557422,0
-56.68319868,32.90287263,0
-56.68319868,32.65352455,0
-56.68319868,32.28948044,0
-56.68319868,32.1587674,0
87.00669502,32.45267916,0
87.00669502,32.14419939,0
87.00669502,32.35117122,0
-16.16355031,34.23153247,0
-16.16355031,32.46613101,0
-16.16355031,32.7750574,0
-16.16355031,33.3678517,0
-16.16355031,32.8513594,0
-16.16355031,33.83892102,0
-16.16355031,32.29376063,0
-16.16355031,33.07073674,0
-16.16355031,33.52016874,0
-16.16355031,33.68860075,0
-16.16355031,34.14340221,0
-16.16355031,32.0711138,0
-9.40968512,32.03095158,0
-9.40968512,32.22632773,0
-9.40968512,32.71341875,0
-9.40968512,32.55226329,0
-9.40968512,33.14540624,0
-9.40968512,32.89018468,0
-9.40968512,33.28262785,0
46.95900697,32.09092831,0
46.95900697,32.90004366,0
46.95900697,32.78824735,0
46.95900697,32.23865152,0
46.95900697,32.48178445,0
46.95900697,33.07401241,0
31.14047539,32.47722334,0
31.14047539,32.64339614,0
31.14047539,32.14146988,0
31.14047539,33.18841439,0
31.14047539,32.32573693,0
31.14047539,34.19838294,0
31.14047539,34.32094358,0
31.14047539,33.33377158,0
31.14047539,33.57200063,0
31.14047539,33.71254076,0
31.14047539,32.82815264,0
31.14047539,33.90411146,0
85.96942173,32.44762419,0
85.96942173,32.04212185,0
85.96942173,32.27504967,0
-83.24928848,32.20418478,0
-83.24928848,32.02396198,0
-83.24928848,32.46364014,0
51.58441254,32.10394082,0
51.58441254,32.46537754,0
51.58441254,32.74576552,0
51.58441254,32.93563041,0
51.58441254,32.38639543,0
51.58441254,33.04766044,0
60.43606475,32.04208815,0
60.43606475,32.66012608,0
60.43606475,32.47268604,0
60.43606475,32.25573886,0
23.96531894,34.38603826,0
23.96531894,33.42740517,0
23.96531894,32.97750692,0
23.96531894,33.9105275,0
23.96531894,34.95796707,0
23.96531894,34.45182206,0
23.96531894,32.79272801,0
23.96531894,34.1608001,0
23.96531894,33.79225876,0
23.96531894,35.15168895,0
23.96531894,32.17524873,0
23.96531894,32.54783099,0
23.96531894,33.20970141,0
23.96531894,33.11918581,0
23.96531894,32.36088875,0
23.96531894,34.76753862,0
-31.52603938,33.24022899,0
-31.52603938,34.17454526,0
-31.52603938,33.87660073,0
-31.52603938,34.24452418,0
-31.52603938,33.68252491,0
-31.52603938,32.24090188,0
-31.52603938,33.14526519,0
-31.52603938,32.71345185,0
-31.52603938,32.91517925,0
-31.52603938,32.10717404,0
-31.52603938,32.40585024,0
-31.52603938,33.5948969,0
-36.90364236,32.21016645,0
-36.90364236,33.16044087,0
-36.90364236,33.5443073,0
-36.90364236,33.37382678,0
-36.90364236,32.97799306,0
-36.90364236,32.08407193,0
-36.90364236,32.67145084,0
-36.90364236,32.46875386,0
-36.90364236,33.65594134,0
16.72376096,34.24564346,0
16.72376096,32.30918644,0
16.72376096,32.49493958,0
16.72376096,32.09981106,0
16.72376096,32.70388922,0
16.72376096,33.08167632,0
16.72376096,33.68791324,0
16.72376096,32.9241589,0
16.72376096,34.12891059,0
16.72376096,33.36301896,0
16.72376096,34.67770117,0
16.72376096,33.92817693,0
16.72376096,34.90646726,0
16.72376096,35.05072529,0
16.72376096,33.47340912,0
16.72376096,34.58974855,0
-89.36922287,32.32175713,0
-89.36922287,32.53933638,0
-89.36922287,32.17423443,0
-7.628615782,32.52668875,0
-7.628615782,32.27531462,0
-7.628615782,32.15288121,0
-7.628615782,32.8979302,0
-7.628615782,32.79667318,0
-18.81736314,33.78404947,0
-18.81736314,32.20837095,0
-18.81736314,34.29317572,0
-18.81736314,33.4295586,0
-18.81736314,34.19898877,0
-18.81736314,32.72603813,0
-18.81736314,33.94563239,0
-18.81736314,32.55704349,0
-18.81736314,33.24439823,0
-18.81736314,32.13767907,0
-18.81736314,32.89030714,0
-18.81736314,34.45568441,0
-18.81736314,33.12615704,0
-67.05230865,32.51780069,0
-67.05230865,32.12052735,0
-67.05230865,32.23803242,0
-26.86437628,33.89189528,0
-26.86437628,33.64962293,0
-26.86437628,34.09913397,0
-26.86437628,34.4180634,0
-26.86437628,33.56644311,0
-26.86437628,33.24436422,0
-26.86437628,34.24455884,0
-26.86437628,32.87932938,0
-26.86437628,32.24121646,0
-26.86437628,32.11299048,0
-26.86437628,32.41952322,0
-26.86437628,33.04011991,0
-26.86437628,32.75027447,0
29.30471661,32.01197494,0
29.30471661,33.41946978,0
29.30471661,33.69261215,0
29.30471661,32.58937266,0
29.30471661,34.37149496,0
29.30471661,33.0987524,0
29.30471661,34.05470567,0
29.30471661,32.21881311,0
29.30471661,32.8258024,0
29.30471661,34.56204122,0
29.30471661,32.72283576,0
29.30471661,33.84965001,0
29.30471661,33.27181537,0
-68.41490343,32.41285502,0
-68.41490343,32.70984928,0
-68.41490343,32.07294691,0
-68.41490343,32.25556437,0
80.28528422,32.09074222,0
80.28528422,32.35154599,0
80.28528422,32.44455305,0
-63.95491862,32.77288971,0
-63.95491862,32.13553123,0
-63.95491862,32.34333674,0
-63.95491862,32.51708315,0
-80.48781016,32.43549238,0
-80.48781016,32.29323997,0
-80.48781016,32.05606444,0
3.722129543,32.26024384,0
3.722129543,32.42337668,0
3.722129543,32.1229299,0
-46.64933918,33.26471188,0
-46.64933918,33.19174494,0
-46.64933918,32.2462198,0
-46.64933918,32.62549156,0
-46.64933918,32.04778031,0
-46.64933918,32.45059632,0
-46.64933918,32.89858462,0
-82.38450141,32.41590806,0
-82.38450141,32.12275046,0
-82.38450141,32.30382667,0
25.83397166,32.02471394,0
25.83397166,33.63302752,0
25.83397166,34.38621827,0
25.83397166,33.52625459,0
25.83397166,33.99043424,0
25.83397166,32.87824938,0
25.83397166,32.62314584,0
25.83397166,34.67162625,0
25.83397166,32.20174415,0
25.83397166,34.88648659,0
25.83397166,32.41800362,0
25.83397166,34.57250773,0
25.83397166,33.35818075,0
25.83397166,34.08367018,0
25.83397166,33.07265328,0
-4.315125722,32.12646522,0
-4.315125722,32.25283949,0
-4.315125722,32.49423788,0
71.99912117,32.02523606,0
71.99912117,32.29360003,0
71.99912117,32.47325705,0
62.75142593,32.69725102,0
62.75142593,32.27103503,0
62.75142593,32.05250256,0
62.75142593,32.58727751,0
15.89089616,32.96100595,0
15.89089616,33.84740694,0
15.89089616,34.34107529,0
15.89089616,33.35974236,0
15.89089616,34.79212293,0
15.89089616,34.4382495,0
15.89089616,33.10131151,0
15.89089616,32.02676893,0
15.89089616,32.64531499,0
15.89089616,33.79418019,0
15.89089616,32.3798507,0
15.89089616,33.44659264,0
15.89089616,34.0187427,0
15.89089616,34.92981126,0
15.89089616,32.46921168,0
12.05067614,34.03695583,0
12.05067614,33.05483295,0
12.05067614,32.35588155,0
12.05067614,33.87723828,0
12.05067614,32.55316259,0
12.05067614,33.61496161,0
12.05067614,33.54618433,0
12.05067614,32.74360061,0
12.05067614,32.94309948,0
12.05067614,33.30652255,0
12.05067614,32.01318257,0
-52.39951236,32.84611339,0
-52.39951236,32.66140759,0
-52.39951236,32.36793198,0
-52.39951236,32.17418996,0
-52.39951236,32.56148301,0
-50.51981233,32.68158062,0
-50.51981233,32.20731559,0
-50.51981233,32.51273395,0
-50.51981233,32.97680699,0
-50.51981233,32.04014314,0
56.47395299,32.67858464,0
56.47395299,32.50502257,0
56.47395299,32.17289816,0
56.47395299,32.29281717,0
-71.74770974,32.23037172,0
-71.74770974,32.42704955,0
-71.74770974,32.67986396,0
-71.74770974,32.04032283,0
58.07799891,32.54320399,0
58.07799891,32.11166944,0
58.07799891,32.76910342,0
58.07799891,32.39144741,0
67.39028315,32.19467733,0
67.39028315,32.51573724,0
67.39028315,32.32525094,0
-28.2105668,33.75672182,0
-28.2105668,33.46707567,0
-28.2105668,32.02102769,0
-28.2105668,32.57864859,0
-28.2105668,33.01906172,0
-28.2105668,34.15896034,0
-28.2105668,32.86239909,0
-28.2105668,34.30635941,0
-28.2105668,32.22586549,0
-28.2105668,33.32902421,0
-28.2105668,33.91225764,0
-28.2105668,32.70990074,0
-73.2160948,32.64352925,0
-73.2160948,32.33249165,0
-73.2160948,32.56781129,0
-73.2160948,32.03382896,0
-49.62475131,32.82258632,0
-49.62475131,32.64524027,0
-49.62475131,32.03680552,0
-49.62475131,33.02744322,0
-49.62475131,32.3842492,0
-49.62475131,32.54683002,0
75.51449963,32.57031977,0
75.51449963,32.17014517,0
75.51449963,32.34728439,0
-23.41503695,34.50135797,0
-23.41503695,32.89316739,0
-23.41503695,32.32698583,0
-23.41503695,34.03899814,0
-23.41503695,34.37310729,0
-23.41503695,32.76282159,0
-23.41503695,32.19999819,0
-23.41503695,33.12802623,0
-23.41503695,32.45601395,0
-23.41503695,33.46881813,0
-23.41503695,33.70699787,0
-23.41503695,33.87405691,0
-23.41503695,33.35186382,0
-60.60982992,32.36676277,0
-60.60982992,32.05088207,0
-60.60982992,32.74750703,0
-60.60982992,32.498615,0
41.12631391,33.40634802,0
41.12631391,32.49132331,0
41.12631391,33.08791041,0
41.12631391,32.14148949,0
41.12631391,32.2906796,0
41.12631391,33.28865547,0
41.12631391,32.91444961,0
41.12631391,32.62386014,0
9.625544464,32.35668459,0
9.625544464,32.83283782,0
9.625544464,33.11955388,0
9.625544464,32.47741849,0
9.625544464,32.7164884,0
9.625544464,32.07976477,0
9.625544464,33.37985046,0
-62.5017174,32.2719187,0
-62.5017174,32.48512531,0
-62.5017174,32.75651816,0
-62.5017174,32.02242805,0
-32.62228189,32.64027255,0
-32.62228189,32.2532953,0
-32.62228189,33.56235289,0
-32.62228189,33.75856072,0
-32.62228189,32.15176344,0
-32.62228189,32.40963295,0
-32.62228189,33.37803681,0
-32.62228189,33.87839025,0
-32.62228189,33.06054759,0
-32.62228189,34.03820923,0
-32.62228189,32.93452196,0
45.31411168,32.88387308,0
45.31411168,32.59556987,0
45.31411168,33.03849631,0
45.31411168,32.75920741,0
45.31411168,32.31463028,0
45.31411168,32.01977184,0
45.31411168,33.20775459,0
39.26734464,32.01571737,0
39.26734464,32.64929227,0
39.26734464,32.93877425,0
39.26734464,33.27799967,0
39.26734464,33.01526849,0
39.26734464,32.4623061,0
39.26734464,32.32460225,0
39.26734464,33.52975175,0
-6.010718351,32.27604211,0
-6.010718351,32.17075093,0
-6.010718351,32.61923532,0
-6.010718351,32.50013397,0
-58.80077087,32.43905921,0
-58.80077087,32.20315407,0
-58.80077087,32.60380291,0
-58.80077087,32.82234254,0
-58.80077087,32.02404929,0
-35.9036142,32.99844693,0
-35.9036142,33.68043221,0
-35.9036142,33.07620452,0
-35.9036142,32.75488788,0
-35.9036142,32.20544925,0
-35.9036142,32.12579926,0
-35.9036142,33.50457513,0
-35.9036142,32.49987949,0
-35.9036142,33.37993659,0
53.20959368,32.45544177,0
53.20959368,32.68564517,0
53.20959368,32.13877373,0
53.20959368,32.39654455,0
53.20959368,32.91741104,0
-29.66938586,34.03984738,0
-29.66938586,32.28431509,0
-29.66938586,32.89216771,0
-29.66938586,32.17695624,0
-29.66938586,33.54821857,0
-29.66938586,34.3140354,0
-29.66938586,32.55217306,0
-29.66938586,33.31146212,0
-29.66938586,33.12019329,0
-29.66938586,33.91113442,0
-29.66938586,32.77443737,0
-29.66938586,33.69966545,0
-65.18252917,32.54544894,0
-65.18252917,32.10987137,0
-65.18252917,32.32939282,0
-65.18252917,32.77698534,0
-38.97678016,33.52076944,0
-38.97678016,33.20414173,0
-38.97678016,32.67985731,0
-38.97678016,32.92188204,0
-38.97678016,32.02179424,0
-38.97678016,32.53972787,0
-38.97678016,33.03171092,0
-38.97678016,32.38617026,0
-76.00444023,32.55572924,0
-76.00444023,32.07488827,0
-76.00444023,32.25389225,0
-86.8412968,32.09341737,0
-86.8412968,32.31660254,0
-86.8412968,32.51668285,0
68.6403572,32.05486079,0
68.6403572,32.38421803,0
68.6403572,32.69791223,0
68.6403572,32.52752747,0
34.29395805,32.68713555,0
34.29395805,32.93796684,0
34.29395805,32.27359951,0
34.29395805,32.45392489,0
34.29395805,33.68927722,0
34.29395805,33.55772967,0
34.29395805,33.13817163,0
34.29395805,34.08950089,0
34.29395805,32.07131264,0
34.29395805,33.82985261,0
34.29395805,33.22080463,0
78.90084454,32.18312081,0
78.90084454,32.32512371,0
78.90084454,32.55666561,0
-84.80290779,32.025215,0
-84.80290779,32.28808664,0
-84.80290779,32.47933594,0
-47.57466162,32.7073965,0
-47.57466162,32.01409301,0
-47.57466162,32.29071294,0
-47.57466162,32.90097431,0
-47.57466162,33.24151149,0
-47.57466162,33.12987289,0
-47.57466162,32.50202922,0
82.87563299,32.02672906,0
82.87563299,32.49575072,0
82.87563299,32.61633188,0
82.87563299,32.36434965,0
-44.52273619,33.33686495,0
-44.52273619,32.40811936,0
-44.52273619,32.25456171,0
-44.52273619,32.9587346,0
-44.52273619,32.66242683,0
-44.52273619,33.14098389,0
-44.52273619,32.01764901,0
-40.15484675,32.77270928,0
-40.15484675,32.06395493,0
-40.15484675,33.33657874,0
-40.15484675,32.95987458,0
-40.15484675,32.53638997,0
-40.15484675,33.453156,0
-40.15484675,32.20290453,0
-40.15484675,33.08326524,0
42.1324815,32.10521632,0
42.1324815,33.15152919,0
42.1324815,32.27175231,0
42.1324815,33.2409813,0
42.1324815,32.97104755,0
42.1324815,32.794804,0
42.1324815,32.5747493,0
3.418834198,32.06761502,0
3.418834198,32.52634824,0
3.418834198,32.2836922,0
19.06786814,32.91640323,0
19.06786814,34.41487396,0
19.06786814,34.27614185,0
19.06786814,34.80207231,0
19.06786814,32.61554654,0
19.06786814,34.65256991,0
19.06786814,32.43269877,0
19.06786814,35.0344123,0
19.06786814,33.47507494,0
19.06786814,35.33520541,0
19.06786814,34.14821446,0
19.06786814,33.02938141,0
19.06786814,33.60907933,0
19.06786814,33.85292532,0
19.06786814,33.31083539,0
19.06786814,32.23290225,0
19.06786814,32.06813986,0
